17951a0494.c;0;15951a04f7.c;100.0;1;17951a0471.c;100.0;2;17951a04b4.c;100.0;3;17951a04d2.c;100.0;4;17951a04f2.c;100.0;5;17951a04g2.c;100.0;6;17951a04h8.c;100.0;7;17951a04k6.c;100.0;8;17951a04l3.c;100.0;9;17951a04p0.c;100.0;10;17951a04p5.c;100.0;11;17951a05c4.c;100.0;12;17951a05j2.c;100.0;13;17951a05m3.c;100.0;14;17951a05k8.c;100.0;15;18951a0410.c;100.0;16;18951a04j6.c;100.0;17;18951a04k2.c;100.0;18;18951a04m3.c;100.0;19;18951a0507.c;100.0;20;18951a0515.c;100.0;21;18951a0525.c;100.0;22;18951a0539.c;100.0;23;18951a0543.c;100.0;24;18951a0548.c;100.0;25;18951a0552.c;100.0;26;18951a0566.c;100.0;27;18951a0586.c;100.0;28;18951a0590.c;100.0;29;18951a05a4.c;100.0;30;18951a05b2.c;100.0;31;18951a05b8.c;100.0;32;18951a05e6.c;100.0;33;18951a05g7.c;100.0;34;18951a05l0.c;100.0;35;18951a05m0.c;100.0;36;18951a05n8.c;100.0;37;18951a1216.c;100.0;38;18951a1225.c;100.0;39;18951a1231.c;100.0;40;18951a1257.c;100.0;41;18951a1259.c;100.0;42;18951a1248.c;100.0;43;18951a1226.c;100.0;44;18951a2140.c;100.0;45;19951a0260.c;100.0;46;19951a04d0.c;100.0;47;19951a04e2.c;100.0;48;19951a04h1.c;100.0;49;19951a04k0.c;100.0;50;19951a04n7.c;100.0;51;19951a0518.c;100.0;52;19951a0563.c;100.0;53;19951a0567.c;100.0;54;19951a0574.c;100.0;55;19951a0578.c;100.0;56;19951a05a2.c;100.0;57;19951a05b1.c;100.0;58;19951a05c1.c;100.0;59;19951a05c4.c;100.0;60;19951a05d0.c;100.0;61;19951a05d2.c;100.0;62;19951a05d7.c;100.0;63;19951a05d9.c;100.0;64;19951a05e7.c;100.0;65;19951a05f0.c;100.0;66;19951a05f2.c;100.0;67;19951a05g0.c;100.0;68;19951a05g2.c;100.0;69;19951a05g4.c;100.0;70;19951a05g8.c;100.0;71;19951a05h1.c;100.0;72;19951a05h6.c;100.0;73;19951a05h8.c;100.0;74;19951a05j0.c;100.0;75;19951a05l7.c;100.0;76;19951a05p2.c;100.0;77;19951a1205.c;100.0;78;19951a1220.c;100.0;79;19951a1226.c;100.0;80;19951a1233.c;100.0;81;19951a1236.c;100.0;82;19951a1239.c;100.0;83;19951a1246.c;100.0;84;19951a1264.c;100.0;85;19951a1269.c;100.0;86;19951a1283.c;100.0;87;19951a1297.c;100.0;88;19955a0516.c;100.0;
15951a04f7.c;89;17951a04c6.c;100.0;90;17951a04d5.c;100.0;91;17951a04f5.c;100.0;92;17951a04h7.c;100.0;93;17951a04j0.c;100.0;94;17951a04l0.c;100.0;95;17951a04m4.c;100.0;96;17951a04p1.c;100.0;97;17951a04p5.c;100.0;98;17951a05d2.c;100.0;99;17951a05k8.c;100.0;100;17951a05m3.c;100.0;101;18951a0197.c;100.0;102;18951a0418.c;100.0;103;18951a04j8.c;100.0;104;18951a04m3.c;100.0;105;18951a0504.c;100.0;106;18951a0509.c;100.0;107;18951a0523.c;100.0;108;18951a0537.c;100.0;109;18951a0542.c;100.0;110;18951a0545.c;100.0;111;18951a0550.c;100.0;112;18951a0556.c;100.0;113;18951a0573.c;100.0;114;18951a0587.c;100.0;115;18951a0596.c;100.0;116;18951a05b1.c;100.0;117;18951a05b7.c;100.0;118;18951a05b8.c;100.0;119;18951a05e9.c;100.0;120;18951a05j2.c;100.0;121;18951a05l5.c;100.0;122;18951a05m5.c;100.0;123;18951a1212.c;100.0;124;18951a1220.c;100.0;125;18951a1226.c;100.0;126;18951a1248.c;100.0;127;18951a1259.c;100.0;128;18951a1257.c;100.0;129;18951a1231.c;100.0;130;18951a1225.c;100.0;131;18955a0443.c;100.0;132;19951a04c9.c;100.0;133;19951a04e1.c;100.0;134;19951a04e3.c;100.0;135;19951a04j2.c;100.0;136;19951a04n2.c;100.0;137;19951a04p6.c;100.0;138;19951a0544.c;100.0;139;19951a0565.c;100.0;140;19951a0573.c;100.0;141;19951a0576.c;100.0;142;19951a0590.c;100.0;143;19951a05a3.c;100.0;144;19951a05b5.c;100.0;145;19951a05c2.c;100.0;146;19951a05c7.c;100.0;147;19951a05d1.c;100.0;148;19951a05d3.c;100.0;149;19951a05d8.c;100.0;150;19951a05e6.c;100.0;151;19951a05e8.c;100.0;152;19951a05f1.c;100.0;153;19951a05f8.c;100.0;154;19951a05g1.c;100.0;155;19951a05g3.c;100.0;156;19951a05g7.c;100.0;157;19951a05h0.c;100.0;158;19951a05h3.c;100.0;159;19951a05h7.c;100.0;160;19951a05h9.c;100.0;161;19951a05k7.c;100.0;162;19951a05n3.c;100.0;163;19951a1202.c;100.0;164;19951a1210.c;100.0;165;19951a1225.c;100.0;166;19951a1229.c;100.0;167;19951a1234.c;100.0;168;19951a1238.c;100.0;169;19951a1240.c;100.0;170;19951a1251.c;100.0;171;19951a1266.c;100.0;172;19951a1280.c;100.0;173;19951a1286.c;100.0;174;19951a12a1.c;100.0;175;admin.c;100.0;
17951a0471.c;176;17951a04c6.c;100.0;177;17951a04d5.c;100.0;178;17951a04f5.c;100.0;179;17951a04h7.c;100.0;180;17951a04j0.c;100.0;181;17951a04l0.c;100.0;182;17951a04m4.c;100.0;183;17951a04p1.c;100.0;184;17951a04p5.c;100.0;185;17951a05d2.c;100.0;186;17951a05k8.c;100.0;187;17951a05m3.c;100.0;188;18951a0197.c;100.0;189;18951a0418.c;100.0;190;18951a04j8.c;100.0;191;18951a04m3.c;100.0;192;18951a0504.c;100.0;193;18951a0509.c;100.0;194;18951a0523.c;100.0;195;18951a0537.c;100.0;196;18951a0542.c;100.0;197;18951a0545.c;100.0;198;18951a0550.c;100.0;199;18951a0556.c;100.0;200;18951a0573.c;100.0;201;18951a0587.c;100.0;202;18951a0596.c;100.0;203;18951a05b1.c;100.0;204;18951a05b7.c;100.0;205;18951a05b8.c;100.0;206;18951a05e9.c;100.0;207;18951a05j2.c;100.0;208;18951a05l5.c;100.0;209;18951a05m5.c;100.0;210;18951a1212.c;100.0;211;18951a1220.c;100.0;212;18951a1226.c;100.0;213;18951a1248.c;100.0;214;18951a1259.c;100.0;215;18951a1257.c;100.0;216;18951a1231.c;100.0;217;18951a1225.c;100.0;218;18955a0443.c;100.0;219;19951a04c9.c;100.0;220;19951a04e1.c;100.0;221;19951a04e3.c;100.0;222;19951a04j2.c;100.0;223;19951a04n2.c;100.0;224;19951a04p6.c;100.0;225;19951a0544.c;100.0;226;19951a0565.c;100.0;227;19951a0573.c;100.0;228;19951a0576.c;100.0;229;19951a0590.c;100.0;230;19951a05a3.c;100.0;231;19951a05b5.c;100.0;232;19951a05c2.c;100.0;233;19951a05c7.c;100.0;234;19951a05d1.c;100.0;235;19951a05d3.c;100.0;236;19951a05d8.c;100.0;237;19951a05e6.c;100.0;238;19951a05e8.c;100.0;239;19951a05f1.c;100.0;240;19951a05f8.c;100.0;241;19951a05g1.c;100.0;242;19951a05g3.c;100.0;243;19951a05g7.c;100.0;244;19951a05h0.c;100.0;245;19951a05h3.c;100.0;246;19951a05h7.c;100.0;247;19951a05h9.c;100.0;248;19951a05k7.c;100.0;249;19951a05n3.c;100.0;250;19951a1202.c;100.0;251;19951a1210.c;100.0;252;19951a1225.c;100.0;253;19951a1229.c;100.0;254;19951a1234.c;100.0;255;19951a1238.c;100.0;256;19951a1240.c;100.0;257;19951a1251.c;100.0;258;19951a1266.c;100.0;259;19951a1280.c;100.0;260;19951a1286.c;100.0;261;19951a12a1.c;100.0;262;admin.c;100.0;
17951a04b4.c;263;17951a0493.c;100.0;264;17951a04c6.c;100.0;265;17951a04d5.c;100.0;266;17951a04f5.c;100.0;267;17951a04h7.c;100.0;268;17951a04j0.c;100.0;269;17951a04l0.c;100.0;270;17951a04m4.c;100.0;271;17951a04p1.c;100.0;272;17951a04p5.c;100.0;273;17951a05d2.c;100.0;274;17951a05k8.c;100.0;275;17951a05m3.c;100.0;276;18951a0197.c;100.0;277;18951a0418.c;100.0;278;18951a04j8.c;100.0;279;18951a04m3.c;100.0;280;18951a0504.c;100.0;281;18951a0509.c;100.0;282;18951a0523.c;100.0;283;18951a0537.c;100.0;284;18951a0542.c;100.0;285;18951a0545.c;100.0;286;18951a0550.c;100.0;287;18951a0556.c;100.0;288;18951a0573.c;100.0;289;18951a0587.c;100.0;290;18951a0596.c;100.0;291;18951a05b1.c;100.0;292;18951a05b7.c;100.0;293;18951a05b8.c;100.0;294;18951a05e9.c;100.0;295;18951a05j2.c;100.0;296;18951a05l5.c;100.0;297;18951a05m5.c;100.0;298;18951a1212.c;100.0;299;18951a1220.c;100.0;300;18951a1226.c;100.0;301;18951a1248.c;100.0;302;18951a1259.c;100.0;303;18951a1257.c;100.0;304;18951a1231.c;100.0;305;18951a1225.c;100.0;306;18955a0443.c;100.0;307;19951a04c9.c;100.0;308;19951a04e1.c;100.0;309;19951a04e3.c;100.0;310;19951a04j2.c;100.0;311;19951a04n2.c;100.0;312;19951a04p6.c;100.0;313;19951a0544.c;100.0;314;19951a0565.c;100.0;315;19951a0573.c;100.0;316;19951a0576.c;100.0;317;19951a0590.c;100.0;318;19951a05a3.c;100.0;319;19951a05b5.c;100.0;320;19951a05c2.c;100.0;321;19951a05c7.c;100.0;322;19951a05d1.c;100.0;323;19951a05d3.c;100.0;324;19951a05d8.c;100.0;325;19951a05e6.c;100.0;326;19951a05e8.c;100.0;327;19951a05f1.c;100.0;328;19951a05f8.c;100.0;329;19951a05g1.c;100.0;330;19951a05g3.c;100.0;331;19951a05g7.c;100.0;332;19951a05h0.c;100.0;333;19951a05h3.c;100.0;334;19951a05h7.c;100.0;335;19951a05h9.c;100.0;336;19951a05k7.c;100.0;337;19951a05n3.c;100.0;338;19951a1202.c;100.0;339;19951a1210.c;100.0;340;19951a1225.c;100.0;341;19951a1229.c;100.0;342;19951a1234.c;100.0;343;19951a1238.c;100.0;344;19951a1240.c;100.0;345;19951a1251.c;100.0;346;19951a1266.c;100.0;347;19951a1280.c;100.0;348;19951a1286.c;100.0;349;19951a12a1.c;100.0;350;admin.c;100.0;
17951a0493.c;351;17951a04d2.c;100.0;352;17951a04f2.c;100.0;353;17951a04g2.c;100.0;354;17951a04h8.c;100.0;355;17951a04k6.c;100.0;356;17951a04l3.c;100.0;357;17951a04p0.c;100.0;358;17951a04p5.c;100.0;359;17951a05c4.c;100.0;360;17951a05j2.c;100.0;361;17951a05m3.c;100.0;362;17951a05k8.c;100.0;363;18951a0410.c;100.0;364;18951a04j6.c;100.0;365;18951a04k2.c;100.0;366;18951a04m3.c;100.0;367;18951a0507.c;100.0;368;18951a0515.c;100.0;369;18951a0525.c;100.0;370;18951a0539.c;100.0;371;18951a0543.c;100.0;372;18951a0548.c;100.0;373;18951a0552.c;100.0;374;18951a0566.c;100.0;375;18951a0586.c;100.0;376;18951a0590.c;100.0;377;18951a05a4.c;100.0;378;18951a05b2.c;100.0;379;18951a05b8.c;100.0;380;18951a05e6.c;100.0;381;18951a05g7.c;100.0;382;18951a05l0.c;100.0;383;18951a05m0.c;100.0;384;18951a05n8.c;100.0;385;18951a1216.c;100.0;386;18951a1225.c;100.0;387;18951a1231.c;100.0;388;18951a1257.c;100.0;389;18951a1259.c;100.0;390;18951a1248.c;100.0;391;18951a1226.c;100.0;392;18951a2140.c;100.0;393;19951a0260.c;100.0;394;19951a04d0.c;100.0;395;19951a04e2.c;100.0;396;19951a04h1.c;100.0;397;19951a04k0.c;100.0;398;19951a04n7.c;100.0;399;19951a0518.c;100.0;400;19951a0563.c;100.0;401;19951a0567.c;100.0;402;19951a0574.c;100.0;403;19951a0578.c;100.0;404;19951a05a2.c;100.0;405;19951a05b1.c;100.0;406;19951a05c1.c;100.0;407;19951a05c4.c;100.0;408;19951a05d0.c;100.0;409;19951a05d2.c;100.0;410;19951a05d7.c;100.0;411;19951a05d9.c;100.0;412;19951a05e7.c;100.0;413;19951a05f0.c;100.0;414;19951a05f2.c;100.0;415;19951a05g0.c;100.0;416;19951a05g2.c;100.0;417;19951a05g4.c;100.0;418;19951a05g8.c;100.0;419;19951a05h1.c;100.0;420;19951a05h6.c;100.0;421;19951a05h8.c;100.0;422;19951a05j0.c;100.0;423;19951a05l7.c;100.0;424;19951a05p2.c;100.0;425;19951a1205.c;100.0;426;19951a1220.c;100.0;427;19951a1226.c;100.0;428;19951a1233.c;100.0;429;19951a1236.c;100.0;430;19951a1239.c;100.0;431;19951a1246.c;100.0;432;19951a1264.c;100.0;433;19951a1269.c;100.0;434;19951a1283.c;100.0;435;19951a1297.c;100.0;436;19955a0516.c;100.0;
17951a04c6.c;437;17951a04d5.c;100.0;438;17951a04f5.c;100.0;439;17951a04h7.c;100.0;440;17951a04j0.c;100.0;441;17951a04l0.c;100.0;442;17951a04m4.c;100.0;443;17951a04p1.c;100.0;444;17951a04p5.c;100.0;445;17951a05d2.c;100.0;446;17951a05k8.c;100.0;447;17951a05m3.c;100.0;448;18951a0197.c;100.0;449;18951a0418.c;100.0;450;18951a04j8.c;100.0;451;18951a04m3.c;100.0;452;18951a0504.c;100.0;453;18951a0509.c;100.0;454;18951a0523.c;100.0;455;18951a0537.c;100.0;456;18951a0542.c;100.0;457;18951a0545.c;100.0;458;18951a0550.c;100.0;459;18951a0556.c;100.0;460;18951a0573.c;100.0;461;18951a0587.c;100.0;462;18951a0596.c;100.0;463;18951a05b1.c;100.0;464;18951a05b7.c;100.0;465;18951a05b8.c;100.0;466;18951a05e9.c;100.0;467;18951a05j2.c;100.0;468;18951a05l5.c;100.0;469;18951a05m5.c;100.0;470;18951a1212.c;100.0;471;18951a1220.c;100.0;472;18951a1226.c;100.0;473;18951a1248.c;100.0;474;18951a1259.c;100.0;475;18951a1257.c;100.0;476;18951a1231.c;100.0;477;18951a1225.c;100.0;478;18955a0443.c;100.0;479;19951a04c9.c;100.0;480;19951a04e1.c;100.0;481;19951a04e3.c;100.0;482;19951a04j2.c;100.0;483;19951a04n2.c;100.0;484;19951a04p6.c;100.0;485;19951a0544.c;100.0;486;19951a0565.c;100.0;487;19951a0573.c;100.0;488;19951a0576.c;100.0;489;19951a0590.c;100.0;490;19951a05a3.c;100.0;491;19951a05b5.c;100.0;492;19951a05c2.c;100.0;493;19951a05c7.c;100.0;494;19951a05d1.c;100.0;495;19951a05d3.c;100.0;496;19951a05d8.c;100.0;497;19951a05e6.c;100.0;498;19951a05e8.c;100.0;
admin.c;499;19955a0516.c;100.0;500;19951a12a1.c;100.0;501;19951a1297.c;100.0;502;19951a1286.c;100.0;503;19951a1283.c;100.0;504;19951a1280.c;100.0;505;19951a1269.c;100.0;506;19951a1266.c;100.0;507;19951a1264.c;100.0;508;19951a1251.c;100.0;509;19951a1246.c;100.0;510;19951a1240.c;100.0;511;19951a1239.c;100.0;512;19951a1238.c;100.0;513;19951a1236.c;100.0;514;19951a1234.c;100.0;515;19951a1233.c;100.0;516;19951a1229.c;100.0;517;19951a1226.c;100.0;518;19951a1225.c;100.0;519;19951a1220.c;100.0;520;19951a1210.c;100.0;521;19951a1205.c;100.0;522;19951a1202.c;100.0;523;19951a05p2.c;100.0;524;19951a05n3.c;100.0;525;19951a05l7.c;100.0;526;19951a05k7.c;100.0;527;19951a05j0.c;100.0;528;19951a05h9.c;100.0;529;19951a05h8.c;100.0;530;19951a05h7.c;100.0;
19955a0516.c;531;19951a12a1.c;100.0;532;19951a1297.c;100.0;533;19951a1286.c;100.0;534;19951a1283.c;100.0;535;19951a1280.c;100.0;536;19951a1269.c;100.0;537;19951a1266.c;100.0;538;19951a1264.c;100.0;539;19951a1251.c;100.0;540;19951a1246.c;100.0;541;19951a1240.c;100.0;542;19951a1239.c;100.0;543;19951a1238.c;100.0;544;19951a1236.c;100.0;545;19951a1234.c;100.0;546;19951a1233.c;100.0;547;19951a1229.c;100.0;548;19951a1226.c;100.0;549;19951a1225.c;100.0;550;19951a1220.c;100.0;551;19951a1210.c;100.0;552;19951a1205.c;100.0;553;19951a1202.c;100.0;554;19951a05p2.c;100.0;555;19951a05n3.c;100.0;556;19951a05l7.c;100.0;557;19951a05k7.c;100.0;558;19951a05j0.c;100.0;559;19951a05h9.c;100.0;560;19951a05h8.c;100.0;561;19951a05h7.c;100.0;
19951a12a1.c;562;19951a1297.c;100.0;563;19951a1286.c;100.0;564;19951a1283.c;100.0;565;19951a1280.c;100.0;566;19951a1269.c;100.0;567;19951a1266.c;100.0;568;19951a1264.c;100.0;569;19951a1251.c;100.0;570;19951a1246.c;100.0;571;19951a1240.c;100.0;572;19951a1239.c;100.0;573;19951a1238.c;100.0;574;19951a1236.c;100.0;575;19951a1234.c;100.0;576;19951a1233.c;100.0;577;19951a1229.c;100.0;578;19951a1226.c;100.0;579;19951a1225.c;100.0;580;19951a1220.c;100.0;581;19951a1210.c;100.0;582;19951a1205.c;100.0;583;19951a1202.c;100.0;584;19951a05p2.c;100.0;585;19951a05n3.c;100.0;586;19951a05l7.c;100.0;587;19951a05k7.c;100.0;588;19951a05j0.c;100.0;589;19951a05h9.c;100.0;590;19951a05h8.c;100.0;591;19951a05h7.c;100.0;
19951a1297.c;592;19951a1286.c;100.0;593;19951a1283.c;100.0;594;19951a1280.c;100.0;595;19951a1269.c;100.0;596;19951a1266.c;100.0;597;19951a1264.c;100.0;598;19951a1251.c;100.0;599;19951a1246.c;100.0;600;19951a1240.c;100.0;601;19951a1239.c;100.0;602;19951a1238.c;100.0;603;19951a1236.c;100.0;604;19951a1234.c;100.0;605;19951a1233.c;100.0;606;19951a1229.c;100.0;607;19951a1226.c;100.0;608;19951a1225.c;100.0;609;19951a1220.c;100.0;610;19951a1210.c;100.0;611;19951a1205.c;100.0;612;19951a1202.c;100.0;613;19951a05p2.c;100.0;614;19951a05n3.c;100.0;615;19951a05l7.c;100.0;616;19951a05k7.c;100.0;617;19951a05j0.c;100.0;618;19951a05h9.c;100.0;619;19951a05h8.c;100.0;620;19951a05h7.c;100.0;
19951a1286.c;621;19951a1283.c;100.0;622;19951a1280.c;100.0;623;19951a1269.c;100.0;624;19951a1266.c;100.0;625;19951a1264.c;100.0;626;19951a1251.c;100.0;627;19951a1246.c;100.0;628;19951a1240.c;100.0;629;19951a1239.c;100.0;630;19951a1238.c;100.0;631;19951a1236.c;100.0;632;19951a1234.c;100.0;633;19951a1233.c;100.0;634;19951a1229.c;100.0;635;19951a1226.c;100.0;636;19951a1225.c;100.0;637;19951a1220.c;100.0;638;19951a1210.c;100.0;639;19951a1205.c;100.0;640;19951a1202.c;100.0;641;19951a05p2.c;100.0;642;19951a05n3.c;100.0;643;19951a05l7.c;100.0;644;19951a05k7.c;100.0;645;19951a05j0.c;100.0;646;19951a05h9.c;100.0;647;19951a05h8.c;100.0;648;19951a05h7.c;100.0;
19951a1283.c;649;19951a1280.c;100.0;650;19951a1269.c;100.0;651;19951a1266.c;100.0;652;19951a1264.c;100.0;653;19951a1251.c;100.0;654;19951a1246.c;100.0;655;19951a1240.c;100.0;656;19951a1239.c;100.0;657;19951a1238.c;100.0;658;19951a1236.c;100.0;659;19951a1234.c;100.0;660;19951a1233.c;100.0;661;19951a1229.c;100.0;662;19951a1226.c;100.0;663;19951a1225.c;100.0;664;19951a1220.c;100.0;665;19951a1210.c;100.0;666;19951a1205.c;100.0;667;19951a1202.c;100.0;668;19951a05p2.c;100.0;669;19951a05n3.c;100.0;670;19951a05l7.c;100.0;671;19951a05k7.c;100.0;672;19951a05j0.c;100.0;673;19951a05h9.c;100.0;674;19951a05h8.c;100.0;
19951a1280.c;675;19951a1269.c;100.0;676;19951a1266.c;100.0;677;19951a1264.c;100.0;678;19951a1251.c;100.0;679;19951a1246.c;100.0;680;19951a1240.c;100.0;681;19951a1239.c;100.0;682;19951a1238.c;100.0;683;19951a1236.c;100.0;684;19951a1234.c;100.0;685;19951a1233.c;100.0;686;19951a1229.c;100.0;687;19951a1226.c;100.0;688;19951a1225.c;100.0;689;19951a1220.c;100.0;690;19951a1210.c;100.0;691;19951a1205.c;100.0;692;19951a1202.c;100.0;693;19951a05p2.c;100.0;694;19951a05n3.c;100.0;695;19951a05l7.c;100.0;696;19951a05k7.c;100.0;697;19951a05j0.c;100.0;698;19951a05h9.c;100.0;699;19951a05h8.c;100.0;
19951a1269.c;700;19951a1266.c;100.0;701;19951a1264.c;100.0;702;19951a1251.c;100.0;703;19951a1246.c;100.0;704;19951a1240.c;100.0;705;19951a1239.c;100.0;706;19951a1238.c;100.0;707;19951a1236.c;100.0;708;19951a1234.c;100.0;709;19951a1233.c;100.0;710;19951a1229.c;100.0;711;19951a1226.c;100.0;712;19951a1225.c;100.0;713;19951a1220.c;100.0;714;19951a1210.c;100.0;715;19951a1205.c;100.0;716;19951a1202.c;100.0;717;19951a05p2.c;100.0;718;19951a05n3.c;100.0;719;19951a05l7.c;100.0;720;19951a05k7.c;100.0;721;19951a05j0.c;100.0;722;19951a05h9.c;100.0;723;19951a05h8.c;100.0;
19951a1266.c;724;19951a1264.c;100.0;725;19951a1251.c;100.0;726;19951a1246.c;100.0;727;19951a1240.c;100.0;728;19951a1239.c;100.0;729;19951a1238.c;100.0;730;19951a1236.c;100.0;731;19951a1234.c;100.0;732;19951a1233.c;100.0;733;19951a1229.c;100.0;734;19951a1226.c;100.0;735;19951a1225.c;100.0;736;19951a1220.c;100.0;737;19951a1210.c;100.0;738;19951a1205.c;100.0;739;19951a1202.c;100.0;740;19951a05p2.c;100.0;741;19951a05n3.c;100.0;742;19951a05l7.c;100.0;743;19951a05k7.c;100.0;744;19951a05j0.c;100.0;745;19951a05h9.c;100.0;746;19951a05h8.c;100.0;
19951a1264.c;747;19951a1251.c;100.0;748;19951a1246.c;100.0;749;19951a1240.c;100.0;750;19951a1239.c;100.0;751;19951a1238.c;100.0;752;19951a1236.c;100.0;753;19951a1234.c;100.0;754;19951a1233.c;100.0;755;19951a1229.c;100.0;756;19951a1226.c;100.0;757;19951a1225.c;100.0;758;19951a1220.c;100.0;759;19951a1210.c;100.0;760;19951a1205.c;100.0;761;19951a1202.c;100.0;762;19951a05p2.c;100.0;763;19951a05n3.c;100.0;764;19951a05l7.c;100.0;765;19951a05k7.c;100.0;766;19951a05j0.c;100.0;767;19951a05h9.c;100.0;768;19951a05h8.c;100.0;
19951a1251.c;769;19951a1246.c;100.0;770;19951a1240.c;100.0;771;19951a1239.c;100.0;772;19951a1238.c;100.0;773;19951a1236.c;100.0;774;19951a1234.c;100.0;775;19951a1233.c;100.0;776;19951a1229.c;100.0;777;19951a1226.c;100.0;778;19951a1225.c;100.0;779;19951a1220.c;100.0;780;19951a1210.c;100.0;781;19951a1205.c;100.0;782;19951a1202.c;100.0;783;19951a05p2.c;100.0;784;19951a05n3.c;100.0;785;19951a05l7.c;100.0;786;19951a05k7.c;100.0;787;19951a05j0.c;100.0;788;19951a05h9.c;100.0;789;19951a05h8.c;100.0;
19951a1246.c;790;19951a1240.c;100.0;791;19951a1239.c;100.0;792;19951a1238.c;100.0;793;19951a1236.c;100.0;794;19951a1234.c;100.0;795;19951a1233.c;100.0;796;19951a1229.c;100.0;797;19951a1226.c;100.0;798;19951a1225.c;100.0;799;19951a1220.c;100.0;800;19951a1210.c;100.0;801;19951a1205.c;100.0;802;19951a1202.c;100.0;803;19951a05p2.c;100.0;804;19951a05n3.c;100.0;805;19951a05l7.c;100.0;806;19951a05k7.c;100.0;807;19951a05j0.c;100.0;808;19951a05h9.c;100.0;809;19951a05h8.c;100.0;
19951a1240.c;810;19951a1239.c;100.0;811;19951a1238.c;100.0;812;19951a1236.c;100.0;813;19951a1234.c;100.0;814;19951a1233.c;100.0;815;19951a1229.c;100.0;816;19951a1226.c;100.0;817;19951a1225.c;100.0;818;19951a1220.c;100.0;819;19951a1210.c;100.0;820;19951a1205.c;100.0;821;19951a1202.c;100.0;822;19951a05p2.c;100.0;823;19951a05n3.c;100.0;824;19951a05l7.c;100.0;825;19951a05k7.c;100.0;826;19951a05j0.c;100.0;827;19951a05h9.c;100.0;828;19951a05h8.c;100.0;
19951a1239.c;829;19951a1238.c;100.0;830;19951a1236.c;100.0;831;19951a1234.c;100.0;832;19951a1233.c;100.0;833;19951a1229.c;100.0;834;19951a1226.c;100.0;835;19951a1225.c;100.0;836;19951a1220.c;100.0;837;19951a1210.c;100.0;838;19951a1205.c;100.0;839;19951a1202.c;100.0;840;19951a05p2.c;100.0;841;19951a05n3.c;100.0;842;19951a05l7.c;100.0;843;19951a05k7.c;100.0;844;19951a05j0.c;100.0;845;19951a05h9.c;100.0;846;19951a05h8.c;100.0;
19951a1238.c;847;19951a1236.c;100.0;848;19951a1234.c;100.0;849;19951a1233.c;100.0;850;19951a1229.c;100.0;851;19951a1226.c;100.0;852;19951a1225.c;100.0;853;19951a1220.c;100.0;854;19951a1210.c;100.0;855;19951a1205.c;100.0;856;19951a1202.c;100.0;857;19951a05p2.c;100.0;858;19951a05n3.c;100.0;859;19951a05l7.c;100.0;860;19951a05k7.c;100.0;861;19951a05j0.c;100.0;862;19951a05h9.c;100.0;863;19951a05h8.c;100.0;
19951a1236.c;864;19951a1234.c;100.0;865;19951a1233.c;100.0;866;19951a1229.c;100.0;867;19951a1226.c;100.0;868;19951a1225.c;100.0;869;19951a1220.c;100.0;870;19951a1210.c;100.0;871;19951a1205.c;100.0;872;19951a1202.c;100.0;873;19951a05p2.c;100.0;874;19951a05n3.c;100.0;875;19951a05l7.c;100.0;876;19951a05k7.c;100.0;877;19951a05j0.c;100.0;878;19951a05h9.c;100.0;879;19951a05h8.c;100.0;
19951a1234.c;880;19951a1233.c;100.0;881;19951a1229.c;100.0;882;19951a1226.c;100.0;883;19951a1225.c;100.0;884;19951a1220.c;100.0;885;19951a1210.c;100.0;886;19951a1205.c;100.0;887;19951a1202.c;100.0;888;19951a05p2.c;100.0;889;19951a05n3.c;100.0;890;19951a05l7.c;100.0;891;19951a05k7.c;100.0;892;19951a05j0.c;100.0;893;19951a05h9.c;100.0;894;19951a05h8.c;100.0;
19951a1233.c;895;19951a1229.c;100.0;896;19951a1226.c;100.0;897;19951a1225.c;100.0;898;19951a1220.c;100.0;899;19951a1210.c;100.0;900;19951a1205.c;100.0;901;19951a1202.c;100.0;902;19951a05p2.c;100.0;903;19951a05n3.c;100.0;904;19951a05l7.c;100.0;905;19951a05k7.c;100.0;906;19951a05j0.c;100.0;907;19951a05h9.c;100.0;908;19951a05h8.c;100.0;
19951a1229.c;909;19951a1226.c;100.0;910;19951a1225.c;100.0;911;19951a1220.c;100.0;912;19951a1210.c;100.0;913;19951a1205.c;100.0;914;19951a1202.c;100.0;915;19951a05p2.c;100.0;916;19951a05n3.c;100.0;917;19951a05l7.c;100.0;918;19951a05k7.c;100.0;919;19951a05j0.c;100.0;920;19951a05h9.c;100.0;921;19951a05h8.c;100.0;
19951a1226.c;922;19951a1225.c;100.0;923;19951a1220.c;100.0;924;19951a1210.c;100.0;925;19951a1205.c;100.0;926;19951a1202.c;100.0;927;19951a05p2.c;100.0;928;19951a05n3.c;100.0;929;19951a05l7.c;100.0;930;19951a05k7.c;100.0;931;19951a05j0.c;100.0;932;19951a05h9.c;100.0;933;19951a05h8.c;100.0;
19951a1225.c;934;19951a1220.c;100.0;935;19951a1210.c;100.0;936;19951a1205.c;100.0;937;19951a1202.c;100.0;938;19951a05p2.c;100.0;939;19951a05n3.c;100.0;940;19951a05l7.c;100.0;941;19951a05k7.c;100.0;942;19951a05j0.c;100.0;943;19951a05h9.c;100.0;944;19951a05h8.c;100.0;
19951a1220.c;945;19951a1210.c;100.0;946;19951a1205.c;100.0;947;19951a1202.c;100.0;948;19951a05p2.c;100.0;949;19951a05n3.c;100.0;950;19951a05l7.c;100.0;951;19951a05k7.c;100.0;952;19951a05j0.c;100.0;953;19951a05h9.c;100.0;954;19951a05h8.c;100.0;
19951a1210.c;955;19951a1205.c;100.0;956;19951a1202.c;100.0;957;19951a05p2.c;100.0;958;19951a05n3.c;100.0;959;19951a05l7.c;100.0;960;19951a05k7.c;100.0;961;19951a05j0.c;100.0;962;19951a05h9.c;100.0;963;19951a05h8.c;100.0;
19951a1205.c;964;19951a1202.c;100.0;965;19951a05p2.c;100.0;966;19951a05n3.c;100.0;967;19951a05l7.c;100.0;968;19951a05k7.c;100.0;969;19951a05j0.c;100.0;970;19951a05h9.c;100.0;971;19951a05h8.c;100.0;
19951a1202.c;972;19951a05p2.c;100.0;973;19951a05n3.c;100.0;974;19951a05l7.c;100.0;975;19951a05k7.c;100.0;976;19951a05j0.c;100.0;977;19951a05h9.c;100.0;978;19951a05h8.c;100.0;
19951a05p2.c;979;19951a05n3.c;100.0;980;19951a05l7.c;100.0;981;19951a05k7.c;100.0;982;19951a05j0.c;100.0;983;19951a05h9.c;100.0;984;19951a05h8.c;100.0;
19951a05n3.c;985;19951a05l7.c;100.0;986;19951a05k7.c;100.0;987;19951a05j0.c;100.0;988;19951a05h9.c;100.0;989;19951a05h8.c;100.0;
19951a05l7.c;990;19951a05k7.c;100.0;991;19951a05j0.c;100.0;992;19951a05h9.c;100.0;993;19951a05h8.c;100.0;
19951a05k7.c;994;19951a05j0.c;100.0;995;19951a05h9.c;100.0;996;19951a05h8.c;100.0;
19951a05j0.c;997;19951a05h9.c;100.0;998;19951a05h8.c;100.0;
19951a05h9.c;999;19951a05h8.c;100.0;
